EntrezGene.ID,HGNC.symbol
8639,AOC3
26,AOC1
314,AOC2
314,AOC2
1591,CYP24A1
1594,CYP27B1
10993,SDS
6818,SULT1A3
89874,SLC25A21
92483,LDHAL6B
3948,LDHC
55293,UEVLD
3945,LDHB
3939,LDHA
160287,LDHAL6A
3948,LDHC
9123,SLC16A3
9194,SLC16A7
6566,SLC16A1
57835,SLC4A5
8671,SLC4A4
57835,SLC4A5
57835,SLC4A5
57835,SLC4A5
4967,OGDH
1738,DLD
8050,PDHX
1743,DLST
4967,OGDH
130,ADH6
127,ADH4
125,ADH1B
124,ADH1A
131,ADH7
126,ADH1C
128,ADH5
137872,ADHFE1
1312,COMT
1312,COMT
117247,SLC16A10
218,ALDH3A1
222,ALDH3B2
220,ALDH1A3
221,ALDH3B1
3242,HPD
18,ABAT
18,ABAT
2531,KDSR
23498,HAAO
55268,ECHDC2
51166,AADAT
883,CCBL1
51166,AADAT
1644,DDC
26275,HIBCH
26275,HIBCH
4128,MAOA
4129,MAOB
53,ACP2
55,ACPP
51205,ACP6
54,ACP5
10165,SLC25A13
8604,SLC25A12
51380,CSAD
2571,GAD1
2572,GAD2
2571,GAD1
2805,GOT1
2806,GOT2
8659,ALDH4A1
8659,ALDH4A1
6799,SULT1A2
6817,SULT1A1
6799,SULT1A2
6818,SULT1A3
6817,SULT1A1
6817,SULT1A1
6817,SULT1A1
6818,SULT1A3
6817,SULT1A1
4363,ABCC1
6822,SULT2A1
6573,SLC19A1
6573,SLC19A1
316,AOX1
219,ALDH1B1
217,ALDH2
3620,IDO1
6570,SLC18A1
6571,SLC18A2
2348,FOLR1
2348,FOLR1
2348,FOLR1
2348,FOLR1
2352,FOLR3
2348,FOLR1
2348,FOLR1
4123,MAN2C1
4125,MAN2B1
53947,A4GALT
51146,A4GNT
65985,AACS
28,ABO
223,ALDH9A1
206358,SLC36A1
6529,SLC6A1
6538,SLC6A11
6540,SLC6A13
6539,SLC6A12
38,ACAT1
3032,HADHB
10449,ACAA2
39,ACAT2
3030,HADHA
30,ACAA1
31,ACACA
31,ACACA
31,ACACA
32,ACACB
31,ACACA
31,ACACA
9197,SLC33A1
55902,ACSS2
55902,ACSS2
84532,ACSS1
79611,ACSS3
5973,RENBP
64841,GNPNAT1
55577,NAGK
5238,PGM3
9487,PIGL
162417,NAGS
43,ACHE
43,ACHE
6572,SLC18A3
47,ACLY
47,ACLY
54187,NANS
26503,SLC17A5
140838,NANP
36,ACADSB
34,ACADM
80724,ACAD10
35,ACADS
84129,ACAD11
27034,ACAD8
28976,ACAD9
3712,IVD
134526,ACOT12
51,ACOX1
51,ACOX1
2194,FASN
95,ACY1
3658,IREB2
48,ACO1
50,ACO2
8309,ACOX2
52,ACP1
52,ACP1
52,ACP1
788,SLC25A20
438,ASMT
1571,CYP2E1
112611,RWDD2A
98,ACYP2
97,ACYP1
97,ACYP1
100,ADA
3177,SLC29A2
55315,SLC29A3
122481,AK7
203,AK1
26289,AK5
26289,AK5
204,AK2
205,AK4
205,AK4
204,AK2
204,AK2
205,AK4
50808,AK3
262,AMD1
112,ADCY6
55811,ADCY10
109,ADCY3
112,ADCY6
114,ADCY8
108,ADCY2
113,ADCY7
107,ADCY1
196883,ADCY4
115,ADCY9
111,ADCY5
132,ADK
132,ADK
2030,SLC29A1
9154,SLC28A1
9154,SLC28A1
64078,SLC28A3
9153,SLC28A2
11164,NUDT5
53343,NUDT9
53343,NUDT9
53343,NUDT9
952,CD38
353,APRT
1375,CPT1B
1375,CPT1B
1375,CPT1B
126129,CPT1C
1374,CPT1A
1375,CPT1B
1376,CPT2
9061,PAPSS1
9060,PAPSS2
158,ADSL
158,ADSL
159,ADSS
122622,ADSSL1
122622,ADSSL1
79369,B3GNT4
10678,B3GNT2
11041,B3GNT1
146712,B3GNTL1
374907,B3GNT8
93010,B3GNT7
374907,B3GNT8
10331,B3GNT3
10678,B3GNT2
51005,AMDHD2
79814,AGMAT
10555,AGPAT2
137964,AGPAT6
56895,AGPAT4
56894,AGPAT3
56894,AGPAT3
55326,AGPAT5
10554,AGPAT1
129642,MBOAT2
5832,ALDH18A1
8540,AGPS
64902,AGXT2
64850,ETNPPL
189,AGXT
191,AHCY
10768,AHCYL1
10768,AHCYL1
3074,HEXB
3073,HEXA
471,ATIC
10606,PAICS
8402,SLC25A11
1468,SLC25A10
64849,SLC13A3
64849,SLC13A3
1645,AKR1C1
1109,AKR1C4
6718,AKR1D1
6510,SLC1A5
6509,SLC1A4
56301,SLC7A10
6520,SLC3A2
11212,PROSC
212,ALAS2
23464,GCAT
211,ALAS1
211,ALAS1
54407,SLC38A2
6542,SLC7A2
11254,SLC6A14
6541,SLC7A1
81539,SLC38A1
55089,SLC38A4
84889,SLC7A3
340024,SLC6A19
57393,TMEM27
59272,ACE2
2875,GPT
84706,GPT2
92745,SLC38A5
10991,SLC38A3
284273,ZADH2
284273,ZADH2
10327,AKR1A1
10327,AKR1A1
216,ALDH1A1
8854,ALDH1A2
501,ALDH7A1
8854,ALDH1A2
224,ALDH3A2
8854,ALDH1A2
248,ALPI
251,ALPPL2
249,ALPL
250,ALPP
239,ALOX12
242,ALOX12B
247,ALOX15B
246,ALOX15
240,ALOX5
8574,AKR7A2
231,AKR1B1
23600,AMACR
23600,AMACR
10020,GNE
115286,SLC25A26
115286,SLC25A26
115286,SLC25A26
271,AMPD2
270,AMPD1
271,AMPD2
272,AMPD3
271,AMPD2
290,ANPEP
280,AMY2B
278,AMY1C
276,AMY1A
277,AMY1B
6519,SLC3A1
11136,SLC7A9
276,AMY1A
279,AMY2A
318,NUDT2
318,NUDT2
318,NUDT2
10998,SLC27A5
113451,AZIN2
9057,SLC7A6
383,ARG1
384,ARG2
435,ASL
445,ASS1
445,ASS1
83884,SLC25A2
10166,SLC25A15
410,ARSA
427,ASAH1
427,ASAH1
9962,SLC23A2
9963,SLC23A1
9962,SLC23A2
9963,SLC23A1
80150,ASRGL1
440,ASNS
440,ASNS
440,ASNS
790,CAD
6511,SLC1A6
6505,SLC1A1
6507,SLC1A3
6506,SLC1A2
6512,SLC1A7
50617,ATP6V0A4
533,ATP6V0B
527,ATP6V0C
8992,ATP6V0E1
245972,ATP6V0D2
9114,ATP6V0D1
535,ATP6V0A1
50617,ATP6V0A4
10312,TCIRG1
50617,ATP6V0A4
23545,ATP6V0A2
10312,TCIRG1
51382,ATP6V1D
9296,ATP6V1F
529,ATP6V1E1
245973,ATP6V1C2
523,ATP6V1A
51606,ATP6V1H
9550,ATP6V1G1
526,ATP6V1B2
127124,ATP6V1G3
525,ATP6V1B1
90423,ATP6V1E2
51606,ATP6V1H
51606,ATP6V1H
534,ATP6V1G2
528,ATP6V1C1
534,ATP6V1G2
528,ATP6V1C1
127124,ATP6V1G3
954,ENTPD2
954,ENTPD2
953,ENTPD1
956,ENTPD3
955,ENTPD6
957,ENTPD5
377841,ENTPD8
513,ATP5D
498,ATP5A1
506,ATP5B
509,ATP5C1
514,ATP5E
513,ATP5D
514,ATP5E
509,ATP5C1
498,ATP5A1
498,ATP5A1
10632,ATP5L
4905,NSF
10476,ATP5H
9551,ATP5J2
522,ATP5J
516,ATP5G1
521,ATP5I
515,ATP5F1
518,ATP5G3
515,ATP5F1
10476,ATP5H
522,ATP5J
517,ATP5G2
9551,ATP5J2
518,ATP5G3
9551,ATP5J2
522,ATP5J
522,ATP5J
515,ATP5F1
522,ATP5J
517,ATP5G2
516,ATP5G1
518,ATP5G3
27109,ATP5S
539,ATP5O
267020,ATP5L2
291,SLC25A4
293,SLC25A6
292,SLC25A5
4126,MANBA
8706,B3GALNT1
8706,B3GALNT1
8706,B3GALNT1
8706,B3GALNT1
8705,B3GALT4
10317,B3GALT5
10317,B3GALT5
10317,B3GALT5
10317,B3GALT5
10317,B3GALT5
84002,B3GNT5
570,BAAT
3141,HLCS
140679,SLC32A1
8424,BBOX1
53630,BCO1
57733,GBA3
622,BDH1
622,BDH1
622,BDH1
56052,ALG1
23743,BHMT2
635,BHMT
10599,SLCO1B1
1244,ABCC2
8714,ABCC3
28234,SLCO1B3
645,BLVRB
644,BLVRA
9488,PIGB
10380,BPNT1
686,BTD
8884,SLC5A6
80704,SLC19A3
51733,UPB1
7108,TM7SF2
549,AUH
1891,ECH1
1962,EHHADH
50814,NSDHL
3295,HSD17B4
6307,MSMO1
492,ATP2B3
491,ATP2B2
490,ATP2B1
493,ATP2B4
847,CAT
6547,SLC8A3
6547,SLC8A3
6547,SLC8A3
6546,SLC8A1
6547,SLC8A3
6547,SLC8A3
6543,SLC8A2
6547,SLC8A3
166785,MMAA
2538,G6PC
57818,G6PC2
92579,G6PC3
1373,CPS1
1373,CPS1
873,CBR1
10423,CDIPT
10423,CDIPT
1040,CDS1
8760,CDS2
10390,CEPT1
56994,CHPT1
64781,CERK
64781,CERK
10087,COL4A3BP
6565,SLC15A2
9023,CH25H
1103,CHAT
1103,CHAT
1103,CHAT
1103,CHAT
162466,PHOSPHO1
5130,PCYT1A
9468,PCYT1B
6579,SLCO1A2
6554,SLC10A1
6555,SLC10A2
8714,ABCC3
8647,ABCB11
8714,ABCC3
55349,CHDH
1120,CHKB
1119,CHKA
1120,CHKB
1119,CHKA
60482,SLC5A7
6582,SLC22A2
6584,SLC22A5
6582,SLC22A2
6820,SULT2B1
10948,STARD3
19,ABCA1
27159,CHIA
54682,MANSC1
1118,CHIT1
27159,CHIA
171425,CLYBL
171425,CLYBL
9058,SLC13A2
6576,SLC25A1
1159,CKMT1B
1160,CKMT2
548596,CKMT1A
1152,CKB
1158,CKM
5172,SLC26A4
65010,SLC26A6
65010,SLC26A6
65010,SLC26A6
54675,CRLS1
10559,SLC35A1
55907,CMAS
8034,SLC25A16
8824,CES2
51805,COQ3
51004,COQ6
51004,COQ6
10229,COQ7
9245,GCNT3
2650,GCNT1
51301,GCNT4
192134,B3GNT6
1371,CPOX
6535,SLC6A8
386757,SLC6A10P
1384,CRAT
6583,SLC22A4
1431,CS
1431,CS
54677,CROT
1384,CRAT
1384,CRAT
1503,CTPS1
56474,CTPS2
7384,UQCRC1
7388,UQCRH
4519,MT-CYB
10975,UQCR11
29796,UQCR10
7385,UQCRC2
1537,CYC1
7386,UQCRFS1
27089,UQCRQ
7381,UQCRB
29796,UQCR10
1337,COX6A1
1347,COX7A2
1340,COX6B1
1350,COX7C
1327,COX4I1
1349,COX7B
1329,COX5B
1339,COX6A2
1345,COX6C
170712,COX7B2
1351,COX8A
9377,COX5A
341947,COX8C
8140,SLC7A5
23428,SLC7A8
23428,SLC7A8
1036,CDO1
124935,SLC43A2
1491,CTH
1491,CTH
23657,SLC7A11
875,CBS
978,CDA
57379,AICDA
7371,UCK2
83549,UCK1
51727,CMPK1
129607,CMPK2
9162,DGKI
1607,DGKB
8525,DGKZ
160851,DGKH
1608,DGKG
1607,DGKB
8525,DGKZ
8527,DGKD
1606,DGKA
160851,DGKH
8526,DGKE
8525,DGKZ
8527,DGKD
1609,DGKQ
1610,DAO
2745,GLRX
51022,GLRX2
51022,GLRX2
8528,DDO
8528,DDO
1632,ECI1
10455,ECI2
1633,DCK
1635,DCTD
1638,DCT
6319,SCD
9415,FADS2
3992,FADS1
8694,DGAT1
84649,DGAT2
2987,GUK1
1716,DGUOK
1716,DGUOK
1716,DGUOK
1716,DGUOK
1716,DGUOK
6515,SLC2A3
6513,SLC2A1
6517,SLC2A4
8443,GNPAT
1718,DHCR24
1581,CYP7A1
1717,DHCR7
8560,DEGS1
8560,DEGS1
123099,DEGS2
11309,SLCO2B1
6783,SULT1E1
1719,DHFR
1723,DHODH
1807,DPYS
1809,DPYSL3
1808,DPYSL2
5860,QDPR
23539,SLC16A8
9453,GGPS1
2224,FDPS
29958,DMGDH
1787,TRDMT1
1788,DNMT3A
1786,DNMT1
1787,TRDMT1
1787,TRDMT1
1788,DNMT3A
1789,DNMT3B
1789,DNMT3B
1789,DNMT3B
1787,TRDMT1
1789,DNMT3B
1787,TRDMT1
1788,DNMT3A
1788,DNMT3A
1787,TRDMT1
60386,SLC25A19
6185,RPN2
1650,DDOST
6184,RPN1
1603,DAD1
57171,DOLPP1
29929,ALG6
79053,ALG8
79053,ALG8
79053,ALG8
84920,ALG10
54344,DPM3
8818,DPM2
8813,DPM1
8818,DPM2
54344,DPM3
10195,ALG3
10195,ALG3
10195,ALG3
10195,ALG3
79087,ALG12
26002,MOXD1
1621,DBH
7299,TYR
6530,SLC6A2
6531,SLC6A3
6581,SLC22A3
80347,COASY
669,BPGM
5223,PGAM1
5224,PGAM2
5224,PGAM2
669,BPGM
4597,MVD
64080,RBKS
51071,DERA
1841,DTYMK
1806,DPYD
7083,TK1
7084,TK2
4860,PNP
151531,UPP2
1854,DUT
3704,ITPA
10682,EBP
1892,ECHS1
13,AADAC
11001,SLC27A2
64772,ENGASE
2023,ENO1
2027,ENO3
2027,ENO3
2026,ENO2
5833,PCYT2
28231,SLCO4A1
53919,SLCO1C1
10257,ABCC4
28232,SLCO3A1
2109,ETFB
2108,ETFA
2109,ETFB
2110,ETFDH
55500,ETNK1
55224,ETNK2
8790,FPGT
51086,TNNI3K
2530,FUT8
2530,FUT8
2530,FUT8
2530,FUT8
2530,FUT8
55301,OLAH
2181,ACSL3
2182,ACSL4
2180,ACSL1
2181,ACSL3
51703,ACSL5
81616,ACSBG2
23305,ACSL6
2182,ACSL4
116285,ACSM1
5167,ENPP1
5169,ENPP3
6785,ELOVL4
79071,ELOVL6
60481,ELOVL5
54898,ELOVL2
1579,CYP4A11
376497,SLC27A1
10999,SLC27A4
376497,SLC27A1
11000,SLC27A3
226,ALDOA
226,ALDOA
226,ALDOA
230,ALDOC
229,ALDOB
2203,FBP1
8789,FBP2
5210,PFKFB4
5207,PFKFB1
5209,PFKFB3
5208,PFKFB2
2235,FECH
2235,FECH
10840,ALDH1L1
79901,CYBRD1
197258,FUK
125061,AFMID
80308,FLAD1
80308,FLAD1
2356,FPGS
29988,SLC2A8
6514,SLC2A2
155184,SLC2A7
6518,SLC2A5
66035,SLC2A11
10588,MTHFS
160428,ALDH1L2
4522,MTHFD1
286297,LOC286297
25902,MTHFD1L
2519,FUCA2
2517,FUCA1
2271,FH
2184,FAH
2523,FUT1
2525,FUT3
10690,FUT9
85365,ALG2
85365,ALG2
9334,B4GALT5
2683,B4GALT1
8703,B4GALT3
8704,B4GALT2
8704,B4GALT2
2819,GPD1
2820,GPD2
132789,GNPDA2
10007,GNPDA1
9563,H6PD
2539,G6PD
2542,SLC37A4
2593,GAMT
2593,GAMT
9514,GAL3ST1
5476,CTSA
2720,GLB1
2588,GALNS
4758,NEU1
2581,GALC
2583,B4GALNT1
2584,GALK1
2585,GALK2
2585,GALK2
55790,CSGALNACT1
55454,CSGALNACT2
79586,CHPF
22856,CHSY1
337876,CHSY3
26290,GALNT8
79695,GALNT12
2589,GALNT1
50614,GALNT9
8693,GALNT4
55568,GALNT10
114805,GALNT13
11226,GALNT6
117248,GALNT15
11227,GALNT5
55568,GALNT10
2590,GALNT2
51809,GALNT7
79623,GALNT14
63917,GALNT11
2591,GALNT3
2592,GALT
2592,GALT
2592,GALT
81031,SLC2A10
6523,SLC5A1
126792,B3GALT6
11285,B4GALT7
7360,UGP2
7360,UGP2
8972,MGAM
2597,GAPDH
26330,GAPDHS
2618,GART
2618,GART
175,AGA
2629,GBA
2629,GBA
2629,GBA
2629,GBA
2629,GBA
26301,GBGT1
4329,ALDH6A1
7915,ALDH5A1
7915,ALDH5A1
275,AMT
2731,GLDC
2653,GCSH
2651,GCNT2
55343,SLC35C1
2673,GFPT1
9945,GFPT2
7264,TSTA3
8836,GGH
79017,GGCT
8908,GYG2
2998,GYS2
2992,GYG1
2997,GYS1
2687,GGT5
6470,SHMT1
6470,SHMT1
6472,SHMT2
2717,GLA
2632,GBE1
2990,GUSB
8372,HYAL3
26035,GLCE
54480,CHPF2
2131,EXT1
2132,EXT2
2132,EXT2
27087,B3GAT1
135152,B3GAT2
27087,B3GAT1
26229,B3GAT3
4669,NAGLU
64579,NDST4
3340,NDST1
9348,NDST3
8509,NDST2
1798,DPAGT1
1798,DPAGT1
2137,EXTL3
2135,EXTL2
2134,EXTL1
56606,SLC2A9
154091,SLC2A12
11182,SLC2A6
56606,SLC2A9
144195,SLC2A14
178,AGL
178,AGL
178,AGL
178,AGL
178,AGL
178,AGL
2752,GLUL
51557,LGSN
5834,PYGB
5837,PYGM
5836,PYGL
2729,GCLC
2730,GCLM
2747,GLUD2
2746,GLUD1
10841,FTCD
10841,FTCD
2744,GLS
27165,GLS2
27165,GLS2
5471,PPAT
83733,SLC25A18
79751,SLC25A22
2639,GCDH
2639,GCDH
57084,SLC17A6
246213,SLC17A8
57030,SLC17A7
197257,LDHD
197257,LDHD
54363,HAO1
51179,HAO2
51179,HAO2
2628,GATM
9380,GRHPR
2710,GK
2712,GK2
2710,GK
2713,GK3P
3029,HAGH
84264,HAGHL
84264,HAGHL
6536,SLC6A9
6536,SLC6A9
2762,GMDS
2766,GMPR
51292,GMPR2
51292,GMPR2
51292,GMPR2
8833,GMPS
5226,PGD
27232,GNMT
57678,GPAM
84803,GPAT3
150763,GPAT2
284098,PIGW
80055,PGAP1
93183,PIGM
54965,PIGX
2936,GSR
7001,PRDX2
5052,PRDX1
2877,GPX2
2876,GPX1
5052,PRDX1
2876,GPX1
5052,PRDX1
7001,PRDX2
2879,GPX4
7001,PRDX2
2878,GPX3
257202,GPX6
2882,GPX7
10935,PRDX3
10935,PRDX3
2937,GSS
2679,GGT3P
2678,GGT1
2678,GGT1
2678,GGT1
2643,GCH1
2977,GUCY1A2
2983,GUCY1B3
4882,NPR2
2982,GUCY1A3
2974,GUCY1B2
2986,GUCY2F
4882,NPR2
2984,GUCY2C
4881,NPR1
3000,GUCY2D
9615,GDA
3251,HPRT1
761,CA3
771,CA12
377677,CA13
762,CA4
766,CA7
23632,CA14
766,CA7
771,CA12
759,CA1
768,CA9
760,CA2
765,CA6
763,CA5A
11238,CA5B
23556,PIGN
23556,PIGN
55650,PIGV
53905,DUOX1
50506,DUOX2
53905,DUOX1
343,AQP8
84720,PIGO
5281,PIGF
84720,PIGO
5281,PIGF
54872,PIGG
80235,PIGZ
10026,PIGK
8733,GPAA1
128869,PIGU
94005,PIGS
51604,PIGT
3028,HSD17B10
3033,HADH
3038,HAS3
3036,HAS1
3038,HAS3
3037,HAS2
27235,COQ2
6522,SLC4A2
83697,SLC4A9
6521,SLC4A1
6508,SLC4A3
6508,SLC4A3
3098,HK1
80201,HKDC1
2645,GCK
3098,HK1
3099,HK2
2645,GCK
3098,HK1
2645,GCK
3098,HK1
3101,HK3
3098,HK1
3081,HGD
11112,HIBADH
3034,HAL
3067,HDC
495,ATP4A
496,ATP4B
8942,KYNU
3145,HMBS
3156,HMGCR
3157,HMGCS1
3157,HMGCS1
3158,HMGCS2
3155,HMGCL
54511,HMGCLL1
3162,HMOX1
3163,HMOX2
26062,HYALP1
6448,SGSH
3290,HSD11B1
3290,HSD11B1
3291,HSD11B2
3292,HSD17B1
7923,HSD17B8
3294,HSD17B2
51478,HSD17B7
3283,HSD3B1
3284,HSD3B2
80270,HSD3B7
9016,SLC25A14
7352,UCP3
7352,UCP3
7351,UCP2
9016,SLC25A14
7350,UCP1
9481,SLC25A27
57026,PDXP
3421,IDH3G
3420,IDH3B
3419,IDH3A
3420,IDH3B
3421,IDH3G
3420,IDH3B
3417,IDH1
3418,IDH2
7173,TPO
7173,TPO
7173,TPO
7173,TPO
7173,TPO
3425,IDUA
586,BCAT1
587,BCAT2
8501,SLC43A1
3614,IMPDH1
3615,IMPDH2
3614,IMPDH1
55586,MIOX
114134,SLC2A13
6526,SLC5A3
3422,IDI1
91734,IDI2
160728,SLC5A8
8802,SUCLG1
8801,SUCLG2
8803,SUCLA2
144193,AMDHD1
6560,SLC12A4
10723,SLC12A7
9990,SLC12A6
57468,SLC12A5
3795,KHK
3795,KHK
84679,SLC9A7
23315,SLC9A8
8564,KMO
3938,LCT
3931,LCAT
387775,SLC22A10
2739,GLO1
124637,CYB5D1
682,BSG
366,AQP9
11283,CYP4F8
4047,LSS
5321,PLA2G4A
1178,CLC
29124,LGALS13
51268,PIPOX
4023,LPL
3990,LIPC
1056,CEL
80339,PNPLA3
11343,MGLL
11343,MGLL
50487,PLA2G3
9388,LIPG
5407,PNLIPRP1
8513,LIPF
5408,PNLIPRP2
5406,PNLIP
9227,LRAT
6309,SC5D
4048,LTA4H
4056,LTC4S
4259,MGST3
4056,LTC4S
4258,MGST2
80854,SETD7
58508,KMT2C
79723,SUV39H2
10919,EHMT2
9869,SETDB1
84444,DOT1L
83852,SETDB2
6839,SUV39H1
10919,EHMT2
79813,EHMT1
58508,KMT2C
387893,KMT5A
4124,MAN2A1
4122,MAN2A2
4245,MGAT1
11320,MGAT4A
11282,MGAT4B
11282,MGAT4B
4248,MGAT3
4249,MGAT5
4247,MGAT2
2954,GSTZ1
2954,GSTZ1
2954,GSTZ1
2548,GAA
2595,GANC
11253,MAN1B1
29926,GMPPA
29926,GMPPA
29925,GMPPB
29925,GMPPB
4351,MPI
56922,MCCC1
64087,MCCC2
23417,MLYCD
27349,MCAT
27349,MCAT
4357,MPST
130752,MDH1B
4190,MDH1
4191,MDH2
4200,ME2
4199,ME1
10873,ME3
1557,CYP2C19
1543,CYP1A1
1545,CYP1B1
1544,CYP1A2
4143,MAT1A
27430,MAT2B
4144,MAT2A
27430,MAT2B
4548,MTR
4598,MVK
7841,MOGS
253430,IPMK
3635,INPP5D
8867,SYNJ1
3636,INPPL1
27124,INPP5J
8867,SYNJ1
27124,INPP5J
3633,INPP5B
56623,INPP5E
3632,INPP5A
3628,INPP1
3706,ITPKA
80271,ITPKC
3707,ITPKB
3612,IMPA1
3613,IMPA2
8776,MTMR1
8898,MTMR2
51477,ISYNA1
3631,INPP4A
3631,INPP4A
8821,INPP4B
4121,MAN1A1
57134,MAN1C1
10905,MAN1A2
84693,MCEE
4594,MUT
116255,MOGAT1
80168,MOGAT2
4507,MTAP
100287639,MTHFD2P1
441024,MTHFD2L
10797,MTHFD2
4524,MTHFR
56913,C1GALT1
443,ASPA
91703,ACY3
4715,NDUFB9
4720,NDUFS2
4719,NDUFS1
4700,NDUFA6
55967,NDUFA12
4709,NDUFB3
4710,NDUFB4
4726,NDUFS6
4718,NDUFC2
4696,NDUFA3
4694,NDUFA1
374291,NDUFS7
4728,NDUFS8
4712,NDUFB6
4717,NDUFC1
4705,NDUFA10
4725,NDUFS5
4716,NDUFB10
4537,MT-ND3
7991,TUSC3
4722,NDUFS3
4541,MT-ND6
4539,MT-ND4L
4707,NDUFB1
4701,NDUFA7
4723,NDUFV1
4698,NDUFA5
4538,MT-ND4
4697,NDUFA4
51079,NDUFA13
4714,NDUFB8
4704,NDUFA9
126328,NDUFA11
4711,NDUFB5
4724,NDUFS4
4713,NDUFB7
4536,MT-ND2
4695,NDUFA2
4702,NDUFA8
4708,NDUFB2
4535,MT-ND1
4731,NDUFV3
4706,NDUFAB1
4729,NDUFV2
4540,MT-ND5
7991,TUSC3
4731,NDUFV3
4712,NDUFB6
54539,NDUFB11
65220,NADK
55191,NADSYN1
4668,NAGA
9498,SLC4A8
57282,SLC4A10
6528,SLC5A5
481,ATP1B1
478,ATP1A3
477,ATP1A2
23439,ATP1B4
483,ATP1B3
476,ATP1A1
480,ATP1A4
482,ATP1B2
389015,SLC9A4
6548,SLC9A1
6550,SLC9A3
6549,SLC9A2
6553,SLC9A5
84735,CNDP1
55748,CNDP2
6559,SLC12A3
123041,SLC24A4
57419,SLC24A3
9187,SLC24A1
123041,SLC24A4
25769,SLC24A2
123041,SLC24A4
124583,CANT1
79077,DCTPP1
9583,ENTPD4
4832,NME3
10201,NME6
4831,NME2
4830,NME1
29922,NME7
4830,NME1
29922,NME7
4833,NME4
57127,RHBG
6005,RHAG
6557,SLC12A1
6558,SLC12A2
349565,NMNAT3
64802,NMNAT1
23057,NMNAT2
23057,NMNAT2
10135,NAMPT
4837,NNMT
5409,PNMT
4846,NOS3
201288,NOS2P2
4842,NOS1
4843,NOS2
4843,NOS2
645740,NOS2P1
6580,SLC22A1
55808,ST6GALNAC1
22978,NT5C2
30833,NT5C
93034,NT5C1B
93034,NT5C1B
84618,NT5C1A
51251,NT5C3A
4907,NT5E
5251,PHEX
56953,NT5M
2978,GUCA1A
3704,ITPA
6476,SI
5009,OTC
5019,OXCT1
64064,OXCT2
1629,DBT
594,BCKDHB
593,BCKDHA
594,BCKDHB
7372,UMPS
26873,OPLAH
4953,ODC1
4942,OAT
1836,SLC26A2
10861,SLC26A1
10861,SLC26A1
10861,SLC26A1
1811,SLC26A3
1583,CYP11A1
1584,CYP11B1
1585,CYP11B2
1586,CYP17A1
1588,CYP19A1
1588,CYP19A1
1576,CYP3A4
1589,CYP21A2
1593,CYP27A1
1553,CYP2A13
1548,CYP2A6
1562,CYP2C18
1558,CYP2C8
1558,CYP2C8
1559,CYP2C9
1565,CYP2D6
1572,CYP2F1
51302,CYP39A1
64816,CYP3A43
64816,CYP3A43
64816,CYP3A43
1577,CYP3A5
1551,CYP3A7
10858,CYP46A1
66002,CYP4F12
4051,CYP4F3
8529,CYP4F2
9420,CYP7B1
1582,CYP8B1
5831,PYCR1
5831,PYCR1
5051,PAFAH2
5049,PAFAH1B2
5050,PAFAH1B3
5048,PAFAH1B1
7941,PLA2G7
347734,SLC35B2
57194,ATP10A
5338,PLD2
5337,PLD1
130013,ACMSD
5352,PLOD2
5351,PLOD1
8985,PLOD3
5352,PLOD2
5091,PC
5091,PC
5244,ABCB4
5244,ABCB4
5244,ABCB4
5139,PDE3A
5142,PDE4B
5151,PDE8A
5153,PDE1B
5150,PDE7A
5143,PDE4C
5150,PDE7A
5137,PDE1C
5144,PDE4D
5136,PDE1A
5140,PDE3B
5151,PDE8A
10846,PDE10A
5151,PDE8A
5140,PDE3B
5141,PDE4A
5138,PDE2A
5136,PDE1A
5151,PDE8A
5151,PDE8A
27115,PDE7B
50940,PDE11A
8622,PDE8B
5146,PDE6C
5152,PDE9A
5152,PDE9A
5152,PDE9A
5152,PDE9A
8654,PDE5A
5152,PDE9A
5145,PDE6A
5158,PDE6B
5149,PDE6H
5152,PDE9A
5152,PDE9A
5152,PDE9A
5152,PDE9A
5152,PDE9A
5152,PDE9A
8654,PDE5A
5152,PDE9A
5152,PDE9A
5152,PDE9A
5152,PDE9A
8654,PDE5A
5152,PDE9A
5147,PDE6D
5148,PDE6G
5152,PDE9A
5152,PDE9A
5161,PDHA2
5162,PDHB
1737,DLAT
5160,PDHA1
55163,PNPO
10396,ATP8A1
5105,PCK1
5106,PCK2
8310,ACOX3
10400,PEMT
10400,PEMT
10400,PEMT
5214,PFKP
5211,PFKL
5211,PFKL
5213,PFKM
26227,PHGDH
5730,PTGDS
27306,HPGDS
80142,PTGES2
80142,PTGES2
9536,PTGES
80142,PTGES2
9536,PTGES
80142,PTGES2
2821,GPI
5740,PTGIS
5230,PGK1
375056,MIA3
5232,PGK2
25796,PGLS
283871,PGP
5236,PGM1
55276,PGM2
114971,PTPMT1
9489,PGS1
5743,PTGS2
5742,PTGS1
6898,TAT
5053,PAH
5264,PHYH
5728,PTEN
8871,SYNJ2
8394,PIP5K1A
23396,PIP5K1C
8395,PIP5K1B
55361,PI4K2A
5297,PI4KA
5298,PI4KB
5291,PIK3CB
5295,PIK3R1
5293,PIK3CD
8503,PIK3R3
5296,PIK3R2
5290,PIK3CA
5295,PIK3R1
5295,PIK3R1
10870,HCST
5294,PIK3CG
23533,PIK3R5
4952,OCRL
4952,OCRL
23236,PLCB1
5336,PLCG2
9651,PLCH2
113026,PLCD3
89869,PLCZ1
84812,PLCD4
5330,PLCB2
5335,PLCG1
51196,PLCE1
5333,PLCD1
5332,PLCB4
5331,PLCB3
5335,PLCG1
5334,PLCL1
5332,PLCB4
257068,PLCXD2
23236,PLCB1
23007,PLCH1
5287,PIK3C2B
5286,PIK3C2A
5288,PIK3C2G
200576,PIKFYVE
8396,PIP4K2B
200576,PIKFYVE
79837,PIP4K2C
8396,PIP4K2B
5305,PIP4K2A
200576,PIKFYVE
5289,PIK3C3
5279,PIGC
51227,PIGP
5283,PIGH
5277,PIGA
9091,PIGQ
51227,PIGP
9091,PIGQ
5277,PIGA
5279,PIGC
5277,PIGA
51227,PIGP
5250,SLC25A3
5250,SLC25A3
5250,SLC25A3
5250,SLC25A3
10050,SLC17A4
10786,SLC17A3
10246,SLC17A2
6568,SLC17A1
6569,SLC34A1
10568,SLC34A2
8398,PLA2G6
5320,PLA2G2A
8398,PLA2G6
81579,PLA2G12A
5322,PLA2G5
64600,PLA2G2F
100137049,PLA2G4B
123745,PLA2G4E
5319,PLA2G1B
26279,PLA2G2D
8399,PLA2G10
30814,PLA2G2E
60559,SPCS3
28972,SPCS1
90701,SEC11C
9789,SPCS2
23478,SEC11A
5372,PMM1
5373,PMM2
10654,PMVK
117283,IP6K3
9807,IP6K1
9807,IP6K1
51447,IP6K2
51447,IP6K2
51447,IP6K2
51447,IP6K2
51447,IP6K2
51447,IP6K2
8876,VNN1
8875,VNN2
55350,VNN3
55350,VNN3
8875,VNN2
55350,VNN3
79646,PANK3
80025,PANK2
53354,PANK1
53354,PANK1
80025,PANK2
53354,PANK1
80025,PANK2
80025,PANK2
55229,PANK4
80025,PANK2
5464,PPA1
64077,LHPP
27068,PPA2
27068,PPA2
27068,PPA2
27068,PPA2
8612,PPAP2C
8611,PPAP2A
8613,PPAP2B
8611,PPAP2A
210,ALAD
210,ALAD
60490,PPCDC
5096,PCCB
5095,PCCA
79717,PPCS
5498,PPOX
8288,EPX
9588,PRDX6
4353,MPO
5198,PFAS
6820,SULT2B1
5625,PRODH
5033,P4HA1
5034,P4HB
8974,P4HA2
58510,PRODH2
6578,SLCO2A1
221823,PRPS1L1
5631,PRPS1
221823,PRPS1L1
5634,PRPS2
23761,PISD
29968,PSAT1
29968,PSAT1
8781,PSPHP1
5723,PSPH
9791,PTDSS1
81490,PTDSS2
10965,ACOT2
10005,ACOT8
10005,ACOT8
10005,ACOT8
122970,ACOT4
5805,PTS
6303,SAT1
112483,SAT2
8566,PDXK
5315,PKM
5313,PKLR
5315,PKM
5313,PKLR
5315,PKM
7378,UPP1
7378,UPP1
2944,GSTM1
2944,GSTM1
55312,RFK
5959,RDH5
8608,RDH16
157506,RDH10
112724,RDH13
145226,RDH12
51109,RDH11
195814,SDR16C5
57665,RDH14
50700,RDH8
8228,PNPLA4
113278,SLC52A3
6240,RRM1
6241,RRM2
50484,RRM2B
54981,NMRK1
6120,RPE
6120,RPE
22934,RPIA
6484,ST3GAL4
6482,ST3GAL1
6483,ST3GAL2
6482,ST3GAL1
6487,ST3GAL3
6487,ST3GAL3
6487,ST3GAL3
6487,ST3GAL3
6487,ST3GAL3
6487,ST3GAL3
6487,ST3GAL3
6487,ST3GAL3
6487,ST3GAL3
6487,ST3GAL3
6487,ST3GAL3
6480,ST6GAL1
6480,ST6GAL1
6480,ST6GAL1
10090,UST
9653,HS2ST1
3423,IDS
3423,IDS
9957,HS3ST1
9951,HS3ST4
222537,HS3ST5
9956,HS3ST2
9955,HS3ST3A1
9953,HS3ST3B1
64711,HS3ST6
113189,CHST14
50515,CHST11
166012,CHST13
55501,CHST12
411,ARSB
411,ARSB
23563,CHST5
9435,CHST2
23563,CHST5
10164,CHST4
4166,CHST6
8534,CHST1
9469,CHST3
56548,CHST7
266722,HS6ST3
9394,HS6ST1
90161,HS6ST2
90161,HS6ST2
2799,GNS
10157,AASS
118881,COMTD1
3176,HNMT
1757,SARDH
81537,SGPP1
6652,SORD
6342,SCP2
23382,AHCYL2
51540,SCLY
22929,SEPHS1
22928,SEPHS2
6561,SLC13A1
9056,SLC7A7
10558,SPTLC1
9517,SPTLC2
55304,SPTLC3
2098,ESD
8879,SGPL1
4759,NEU2
129807,NEU4
8869,ST3GAL5
56848,SPHK2
8877,SPHK1
55512,SMPD3
55512,SMPD3
339221,ENPP7
55627,SMPD4
6609,SMPD1
6610,SMPD2
259230,SGMS1
115111,SLC26A7
115019,SLC26A9
115111,SLC26A7
116369,SLC26A8
284129,SLC26A11
116369,SLC26A8
115019,SLC26A9
26266,SLC13A4
6646,SOAT1
6723,SRM
6647,SOD1
6649,SOD3
6648,SOD2
6697,SPR
6611,SMS
6713,SQLE
2222,FDFT1
6715,SRD5A1
6716,SRD5A2
15,AANAT
11185,INMT
6532,SLC6A4
10402,ST3GAL6
10610,ST6GALNAC2
256435,ST6GALNAC3
30815,ST6GALNAC6
81849,ST6GALNAC5
6489,ST8SIA1
29906,ST8SIA5
412,STS
6389,SDHA
6392,SDHD
6391,SDHC
6390,SDHB
6821,SUOX
6888,TALDO1
6533,SLC6A6
23483,TGDS
5092,PCBD1
5092,PCBD1
23530,NNT
23530,NNT
10560,SLC19A2
79178,THTPA
113675,SDSL
79896,THNSL1
6567,SLC16A2
7086,TKT
84076,TKTL2
8277,TKTL1
27010,TPK1
1890,TYMP
7298,TYMS
55217,TMLHE
7167,TPI1
286016,TPI1P2
7296,TXNRD1
7296,TXNRD1
7296,TXNRD1
7296,TXNRD1
114112,TXNRD3
10587,TXNRD2
10587,TXNRD2
10587,TXNRD2
80162,ATHL1
11181,TREH
7166,TPH1
121278,TPH2
6999,TDO2
169355,IDO2
6916,TBXAS1
7054,TH
7054,TH
7054,TH
7306,TYRP1
2582,GALE
2582,GALE
6675,UAP1
91373,UAP1L1
29880,ALG5
7355,SLC35A2
7358,UGDH
23169,SLC35D1
23443,SLC35A3
84912,SLC35B4
11046,SLC35D2
80146,UXS1
5168,ENPP2
3906,LALBA
7357,UGCG
54576,UGT1A1
54575,UGT1A10
54578,UGT1A6
54579,UGT1A5
54600,UGT1A9
54658,UGT1A8
54659,UGT1A3
54577,UGT1A7
54657,UGT1A4
7364,UGT2B7
54490,UGT2B28
7367,UGT2B17
10720,UGT2B11
7363,UGT2B4
7365,UGT2B10
7366,UGT2B15
7390,UROS
7389,UROD
131669,UROC1
6563,SLC14A1
8170,SLC14A2
54963,UCKL1
7498,XDH
9942,XYLB
64131,XYLT1
64132,XYLT2
51181,DCXR
10724,MGEA5
1356,CP
2512,FTL
2495,FTH1
94033,FTMT
1727,CYB5R3
51706,CYB5R1
51700,CYB5R2
100526794,NT5C1B-RDH14
56954,NIT2
374569,ASPG
92086,GGTLC1
728441,GGT2
102724197,LOC102724197
2686,GGT7
124975,GGT6
91227,GGTLC2
102724560,CBS
8418,CMAHP
57571,CARNS1
11332,ACOT7
5538,PPT1
641371,ACOT1
9374,PPT2
55825,PECR
51102,MECR
37,ACADVL
33,ACADL
132158,GLYCTK
100507855,AK4
60496,AASDHPPT
641649,TMEM91
93100,NAPRT
23475,QPRT
79966,SCD5
84890,ADO
83594,NUDT12
7263,TST
29920,PYCR2
1595,CYP51A1
130367,SGPP2
10478,SLC25A17
64240,ABCG5
64241,ABCG8
284111,SLC13A5
213,ALB
12,SERPINA3
5265,SERPINA1
338,APOB
341,APOC1
344,APOC4-APOC2
345,APOC3
2243,FGA
5340,PLG
2147,F2
7037,TFRC
348,APOE
335,APOA1
8435,SOAT2
3988,LIPA
7295,TXN
25828,TXN2
54995,OXSM
767,CA8
10057,ABCC5
6556,SLC11A1
7779,SLC30A1
54020,SLC37A1
215,ABCD1
5825,ABCD3
641372,ACOT6
9045,RPL14
4017,LOXL2
51550,CINP
8479,HIRIP3
64834,ELOVL1
51529,ANAPC11
4025,LPO
84105,PCBD2
25830,SULT4A1
84569,LYZL1
57486,NLN
56267,CCBL2
93492,TPTE2
196743,PAOX
4257,MGST1
373156,GSTK1
874,CBR3
10901,DHRS4
1267,CNP
1592,CYP26A1
56603,CYP26B1
2053,EPHX2
2052,EPHX1
10249,GLYAT
1580,CYP4B1
1555,CYP2B6
1549,CYP2A7
1573,CYP2J2
199974,CYP4Z1
260293,CYP4X1
29785,CYP2S1
57834,CYP4F11
1215,CMA1
1357,CPA1
1358,CPA2
57094,CPA6
93979,CPA5
1200,TPP1
7177,TPSAB1
64499,TPSB2
23430,TPSD1
29953,TRHDE
8260,NAA10
126410,CYP4F22
1636,ACE
9365,KL
9331,B4GALT6
7368,UGT8
26063,DECR2
1666,DECR1
26061,HACL1
85465,EPT1
8897,MTMR3
8897,MTMR3
8897,MTMR3
10728,PTGES3
2880,GPX5
2329,FMO4
2328,FMO3
2330,FMO5
2326,FMO1
2327,FMO2
9152,SLC6A5
9497,SLC4A7
115584,SLC5A11
6574,SLC20A1
6575,SLC20A2
142680,SLC34A3
6534,SLC6A7
3293,HSD17B3
9167,COX7A2L
4512,MT-CO1
4513,MT-CO2
125965,COX6B2
4514,MT-CO3
1346,COX7A1
84701,COX4I2
1622,DBI
225,ABCD2
28965,SLC27A6
23205,ACSBG1
54716,SLC6A20
6564,SLC15A1
51296,SLC15A3
121260,SLC15A4
2694,GIF
8029,CUBN
81693,AMN
113235,SLC46A1
1800,DPEP1
5184,PEPD
2168,FABP1
51056,LAP3
9390,SLC22A13
4891,SLC11A2
30061,SLC40A1
9843,HEPH
65263,PYCRL
28982,FLVCR1
10864,SLC22A7
9356,SLC22A6
9376,SLC22A8
222962,SLC29A4
348932,SLC6A18
120103,SLC36A4
1080,CFTR
85413,SLC22A16
85320,ABCC11
10351,ABCA8
9429,ABCG2
55867,SLC22A11
360,AQP3
364,AQP7
89872,AQP10
21,ABCA3
24,ABCA4
153201,SLC36A2
10057,ABCC5
125206,SLC5A10
200010,SLC5A9
6524,SLC5A2
159963,SLC5A12
358,AQP1
361,AQP4
4284,MIP
359,AQP2
362,AQP5
4035,LRP1
79581,SLC52A2
55065,SLC52A1
948,CD36
3764,KCNJ8
3767,KCNJ11
6833,ABCC8
10060,ABCC9
5950,RBP4
64220,STRA6
5947,RBP1
5948,RBP2
2638,GC
4036,LRP2
949,SCARB1
29881,NPC1L1
2350,FOLR2
3248,HPGD
166929,SGMS2
56261,GPCPD1
51660,MPC1
25874,MPC2
5205,ATP8B1
57198,ATP8B2
23250,ATP11A
286410,ATP11C
5243,ABCB1
55856,ACOT13
26027,ACOT11
10058,ABCB6
51458,RHCG
10928,RALBP1
1728,NQO1
2946,GSTM2
125981,ACER1
55331,ACER3
340485,ACER2
5660,PSAP
2760,GM2A
57704,GBA2
10825,NEU3
7903,ST8SIA4
26090,ABHD12
6382,SDC1
3339,HSPG2
57406,ABHD6
338328,GPIHBP1
3991,LIPE
747,DAGLA
221955,DAGLB
57104,PNPLA2
119548,PNLIPRP3
1387,CREBBP
6095,RORA
6604,SMARCD3
8648,NCOA1
6907,TBL1X
2274,FHL2
8202,NCOA3
5469,MED1
9572,NR1D1
23309,SIN3B
85441,HELZ2
29841,GRHL1
96764,TGS1
10499,NCOA2
9611,NCOR1
10498,CARM1
27063,ANKRD1
25942,SIN3A
8841,HDAC3
80205,CHD9
79718,TBL1XR1
6256,RXRA
5465,PPARA
9612,NCOR2
23054,NCOA6
57761,TRIB3
50486,G0S2
11010,GLIPR1
23179,RGL1
27242,TNFRSF21
26230,TIAM2
123,PLIN2
4862,NPAS2
8800,PEX11A
116519,APOA5
1490,CTGF
183,AGT
336,APOA2
51129,ANGPTL4
5166,PDK4
355,FAS
6720,SREBF1
5360,PLTP
10951,CBX1
4547,MTTP
5346,PLIN1
1149,CIDEA
64714,PDIA2
2170,FABP3
2169,FABP2
2173,FABP7
2171,FABP5
2172,FABP6
2167,FABP4
646486,FABP12
646480,FABP9
6296,ACSM3
348158,ACSM2B
54988,ACSM5
123876,ACSM2A
341392,ACSM4
344967,LOC344967
8605,PLA2G4C
84647,PLA2G12B
283748,PLA2G4D
151056,PLB1
255189,PLA2G4F
8681,JMJD7-PLA2G4B
11145,PLA2G16
391013,PLA2G2C
51099,ABHD5
154141,MBOAT1
253558,LCLAT1
9663,LPIN2
64748,PLPPR2
9890,PLPPR4
79948,PLPPR3
64900,LPIN3
23175,LPIN1
84513,PLPP5
196051,PLPP4
346606,MOGAT3
23646,PLD3
122618,PLD4
201164,PLD6
54947,LPCAT2
10162,LPCAT3
79888,LPCAT1
254531,LPCAT4
11313,LYPLA2
10908,PNPLA6
23659,PLA2G15
10434,LYPLA1
375775,PNPLA7
50640,PNPLA8
23529,CLCF1
590,BCHE
23228,PLCL2
55750,AGK
55711,FAR2
84188,FAR1
56624,ASAH2
79944,L2HGDH
79603,CERS4
91012,CERS5
29956,CERS2
204219,CERS3
253782,CERS6
10715,CERS1
55830,GLT8D1
55624,POMGNT1
55757,UGGT2
168391,GALNTL5
83468,GLT8D2
8702,B4GALT4
140687,GCNT7
3703,STT3A
56886,UGGT1
283358,B4GALNT3
8473,OGT
8707,B3GALT2
148789,B3GALNT2
56983,POGLUT1
201595,STT3B
124872,B4GALNT2
146664,MGAT5B
8708,B3GALT1
84750,FUT10
2529,FUT7
338707,B4GALNT4
145173,B3GLCT
200810,ALG1L
2526,FUT4
170384,FUT11
360203,GLT6D1
152586,MGAT4D
644378,GCNT6
84752,B3GNT9
644974,ALG1L2
51228,GLTP
284004,HEXDC
2524,FUT2
79411,GLB1L
27090,ST6GALNAC4
90381,TICRR
2527,FUT5
2528,FUT6
113612,CYP2U1
493869,GPX8
132949,AASDH
80221,ACSF2
197322,ACSF3
22949,PTGR1
51144,HSD17B12
253017,TECRL
2166,FAAH
64180,DPEP3
64174,DPEP2
4645,MYO5B
11102,RPP14
91179,SCARF2
8644,AKR1C3
10826,FAXDC2
266740,MAGEA2B
3930,LBR
3069,HDLBP
4864,NPC1
285440,CYP4V2
57016,AKR1B10
79644,SRD5A3
1646,AKR1C2
8630,HSD17B6
158160,HSD17B7P2
51170,HSD17B11
8061,FOSL1
83401,ELOVL3
79993,ELOVL7
51495,HACD3
192286,HIGD2A
9200,HACD1
401494,HACD4
201562,HACD2
9524,TECR
283985,FADS6
3995,FADS3
1155,TBCB
114571,SLC22A9
123096,SLC25A29
57595,PDZD4
139728,PNCK
1852,DUSP9
6748,SSR4
26576,SRPK3
10134,BCAP31
5365,PLXNB3
3897,L1CAM
29947,DNMT3L
9917,FAM20B
79672,FN3KRP
79707,NOL9
64122,FN3K
55277,FGGY
55904,KMT2E
9739,SETD1A
9757,KMT2B
2146,EZH2
2145,EZH1
7468,WHSC1
51111,KMT5B
55870,ASH1L
4297,KMT2A
84787,KMT5C
23067,SETD1B
54904,WHSC1L1
64324,NSD1
8085,KMT2D
6419,SETMAR
29072,SETD2
64754,SMYD3
93650,ACPT
92370,PXYLP1
390928,ACP7
372,ARCN1
11316,COPE
1314,COPA
1315,COPB1
26958,COPG2
22820,COPG1
9276,COPB2
139596,UPRT
81888,HYI
9486,CHST10
64377,CHST8
83539,CHST9
64090,GAL3ST2
27284,SULT1B1
89792,GAL3ST3
79690,GAL3ST4
27233,SULT1C4
6819,SULT1C2
27294,DHDH
55066,PDPR
3052,HCCS
283208,P4HA3
8565,YARS
51067,YARS2
16,AARS
57505,AARS2
5917,RARS
57038,RARS2
4677,NARS
79731,NARS2
1615,DARS
55157,DARS2
833,CARS
79587,CARS2
5859,QARS
124454,EARS2
2058,EPRS
2617,GARS
23438,HARS2
3035,HARS
55699,IARS2
3376,IARS
23395,LARS2
51520,LARS
3735,KARS
4141,MARS
92935,MARS2
123263,MTFMT
10056,FARSB
10667,FARS2
2193,FARSA
25973,PARS2
6301,SARS
54938,SARS2
6897,TARS
80222,TARS2
123283,TARSL2
10352,WARS2
7453,WARS
57176,VARS2
7407,VARS
3949,LDLR
1511,CTSG
5641,LGMN
1522,CTSZ
1512,CTSH
1075,CTSC
1509,CTSD
9476,NAPSA
1514,CTSL
1515,CTSV
1513,CTSK
1520,CTSS
1508,CTSB
1521,CTSW
8722,CTSF
1510,CTSE
1519,CTSO
22933,SIRT2
51548,SIRT6
23411,SIRT1
23408,SIRT5
221443,OARD1
28992,MACROD1
27163,NAAA
23410,SIRT3
55093,WDYHV1
123803,NTAN1
140733,MACROD2
51547,SIRT7
58478,ENOPH1
55256,ADI1
259307,IL4I1
51312,SLC25A37
81894,SLC25A28
51601,LIPT1
11019,LIAS
387787,LIPT2
9108,MTMR7
29085,PHPT1
55613,MTMR8
23371,TNS2
51559,NT5DC3
9896,FIG4
163404,PLPPR5
51496,CTDSPL2
374462,PTPRQ
9107,MTMR6
8446,DUSP11
138639,PTPDC1
84814,PLPP7
64419,MTMR14
23203,PMPCA
22876,INPP5F
403313,PLPP6
22908,SACM1L
145553,MDP1
9562,MINPP1
3705,ITPK1
138429,PIP5KL1
55821,ALLC
10170,DHRS9
9249,DHRS3
158835,AWAT2
158833,AWAT1
221223,CES5A
23491,CES3
1066,CES1
6121,RPE65
79799,UGT2A3
133688,UGT3A1
167127,UGT3A2
10941,UGT2A1
4282,MIF
220074,LRTOMT
1735,DIO3
1734,DIO2
1733,DIO1
84274,COQ5
51148,CERCAM
79709,COLGALT1
23127,COLGALT2
119391,GSTO2
2950,GSTP1
2953,GSTT2
2949,GSTM5
2947,GSTM3
9446,GSTO1
2948,GSTM4
2941,GSTA4
2940,GSTA3
221357,GSTA5
2952,GSTT1
2938,GSTA1
2939,GSTA2
22977,AKR7A3
4337,MOCS1
4338,MOCS2
10243,GPHN
5980,REV3L
23649,POLA2
10721,POLQ
5424,POLD1
5423,POLB
10714,POLD3
5427,POLE2
11201,POLI
5422,POLA1
5425,POLD2
5985,RFC5
11044,PAPD7
56655,POLE4
51426,POLK
27434,POLM
353497,POLN
10514,MYBBP1A
5428,POLG
54107,POLE3
27343,POLL
5429,POLH
57804,POLD4
5426,POLE
11232,POLG2
5439,POLR2J
55703,POLR3B
79567,FAM65A
5431,POLR2B
55718,POLR3E
30834,ZNRD1
25885,POLR1A
79670,ZCCHC6
10914,PAPOLA
5434,POLR2E
5442,POLRMT
5435,POLR2F
5432,POLR2C
5438,POLR2I
55149,MTPAP
10622,POLR3G
64895,PAPOLG
84265,POLR3GL
84172,POLR1B
10621,POLR3F
23318,ZCCHC11
64425,POLR1E
5433,POLR2D
5440,POLR2K
11128,POLR3A
64852,TUT1
51728,POLR3K
5437,POLR2H
167153,PAPD4
5436,POLR2G
661,POLR3D
9533,POLR1C
5068,REG3A
5441,POLR2L
5430,POLR2A
10623,POLR3C
51082,POLR1D
56903,PAPOLB
87178,PNPT1
5810,RAD1
5883,RAD9A
11219,TREX2
11277,TREX1
100529261,CHURC1-FNTB
2339,FNTA
2342,FNTB
23463,ICMT
51449,PCYOX1
100996939,PYURF
84992,PIGY
2822,GPLD1
79868,ALG13
199857,ALG14
440138,ALG11
79796,ALG9
25834,MGAT4C
133121,ENPP6
2268,FGR
4145,MATK
8798,DYRK4
695,BTK
2534,FYN
1195,CLK1
3645,INSRR
4593,MUSK
5606,MAP2K3
2324,FLT4
2042,EPHA3
6098,ROS1
55359,STYK1
10188,TNK2
4058,LTK
2065,ERBB3
6416,MAP2K4
7075,TIE1
2263,FGFR2
2261,FGFR3
10420,TESK2
2046,EPHA8
7294,TXK
5609,MAP2K7
2260,FGFR1
285220,EPHA6
7301,TYRO3
3717,JAK2
25,ABL1
5753,PTK6
3055,HCK
660,BMX
2321,FLT1
1445,CSK
9149,DYRK1B
7297,TYK2
3718,JAK3
4233,MET
2051,EPHB6
7016,TESK1
5608,MAP2K6
2444,FRK
5754,PTK7
7272,TTK
57396,CLK4
3702,ITK
5159,PDGFRB
7535,ZAP70
2043,EPHA4
7010,TEK
2185,PTK2B
2322,FLT3
6725,SRMS
5605,MAP2K2
8445,DYRK2
3791,KDR
2048,EPHB2
5156,PDGFRA
2045,EPHA7
7006,TEC
640,BLK
5607,MAP2K5
3480,IGF1R
4916,NTRK3
2064,ERBB2
114783,LMTK3
1969,EPHA2
27,ABL2
8444,DYRK3
2044,EPHA5
1956,EGFR
2041,EPHA1
4915,NTRK2
2241,FER
10461,MERTK
2047,EPHB1
3815,KIT
1859,DYRK1A
2264,FGFR4
3716,JAK1
4921,DDR2
6259,RYK
4486,MST1R
22853,LMTK2
6850,SYK
5979,RET
558,AXL
84926,SPRYD3
55872,PBK
5604,MAP2K1
4920,ROR2
5747,PTK2
238,ALK
3643,INSR
79834,PEAK1
8711,TNK1
7525,YES1
1196,CLK2
2066,ERBB4
1198,CLK3
157285,PRAG1
2242,FES
1436,CSF1R
2049,EPHB3
3932,LCK
284656,EPHA10
4919,ROR1
2050,EPHB4
6714,SRC
4914,NTRK1
780,DDR1
3640,INSL3
4067,LYN
5798,PTPRN
10076,PTPRU
2139,EYA2
5774,PTPN3
11099,PTPN21
26469,PTPN18
25930,PTPN23
8556,CDC14A
51207,DUSP13
5794,PTPRH
5788,PTPRC
8555,CDC14B
11266,DUSP12
54434,SSH1
5775,PTPN4
1033,CDKN3
994,CDC25B
2138,EYA1
5802,PTPRS
5803,PTPRZ1
1845,DUSP3
84867,PTPN5
80824,DUSP16
5777,PTPN6
7803,PTP4A1
2070,EYA4
7957,EPM2A
56940,DUSP22
9829,DNAJC6
1843,DUSP1
1846,DUSP4
5787,PTPRB
5782,PTPN12
51657,STYXL1
5791,PTPRE
5786,PTPRA
78986,DUSP26
26191,PTPN22
1847,DUSP5
1848,DUSP6
85464,SSH2
5792,PTPRF
11221,DUSP10
5778,PTPN7
5793,PTPRG
5795,PTPRJ
128853,DUSP15
5800,PTPRO
5784,PTPN14
5796,PTPRK
5801,PTPRR
5789,PTPRD
5799,PTPRN2
1844,DUSP2
2140,EYA3
995,CDC25C
54935,DUSP23
11072,DUSP14
142679,DUSP19
5783,PTPN13
993,CDC25A
1849,DUSP7
7179,TPTE
150290,DUSP18
5780,PTPN9
143162,FRMPD2
54961,SSH3
5797,PTPRM
5771,PTPN2
5781,PTPN11
8073,PTP4A2
11156,PTP4A3
1850,DUSP8
285193,DUSP28
338599,DUPD1
63904,DUSP21
11122,PTPRT
5770,PTPN1
92235,DUSP27
29082,CHMP4A
8459,TPST2
8460,TPST1
11240,PADI2
51702,PADI3
29943,PADI1
23569,PADI4
353238,PADI6
420,ART4
417,ART1
419,ART3
116969,ART5
141,ADPRH
7837,PXDN
137902,PXDNL
23262,PPIP5K2
9677,PPIP5K1
2232,FDXR
23633,KPNA6
23039,XPO7
23214,XPO6
84881,RPUSD4
130589,GALM
83440,ADPGK
26007,TKFC
158584,FAAH2
81855,SFXN3
29954,POMT2
10585,POMT1
283209,PGM2L1
55676,SLC30A6
148867,SLC30A7
7922,SLC39A7
55683,KANSL3
79595,SAP130
112476,PRRT2
55209,SETD5
8637,EIF4EBP3
1116,CHI3L1
10039,PARP3
64761,PARP12
143,PARP4
56829,ZC3HAV1
80351,TNKS2
57097,PARP11
10038,PARP2
56965,PARP6
83666,PARP9
54956,PARP16
142,PARP1
79668,PARP8
25976,TIPARP
54625,PARP14
165631,PARP15
8658,TNKS
84875,PARP10
5256,PHKA2
5255,PHKA1
5257,PHKB
5261,PHKG2
5260,PHKG1
801,CALM1
9099,USP2
57646,USP28
57602,USP36
8975,USP13
55593,OTUD5
23032,USP33
1540,CYLD
55230,USP40
84196,USP48
9097,USP14
8237,USP11
9100,USP10
57478,USP31
84132,USP42
64854,USP46
8078,USP5
7375,USP4
8287,USP9Y
9736,USP34
57558,USP35
85015,USP45
10617,STAMBP
23326,USP22
8239,USP9X
9098,USP6
57663,USP29
83844,USP26
84749,USP30
9924,PAN2
9958,USP15
57695,USP37
84101,USP44
10868,USP20
57559,STAMBPL1
9101,USP8
9960,USP3
27005,USP21
219333,USP12
124739,USP43
29761,USP25
10600,USP16
373856,USP41
23358,USP24
7398,USP1
25862,USP49
84640,USP38
55031,USP47
84669,USP32
10869,USP19
11274,USP18
7874,USP7
377630,USP17L2
728386,USP17L5
728419,USP17L30
158880,USP51
100287513,USP17L22
391627,USP17L9P
23072,HECW1
23077,MYCBP2
29116,MYLIP
9690,UBE3C
54476,RNF216
55148,UBR7
9604,RNF14
23304,UBR2
55236,UBA6
29128,UHRF1
25897,RNF19A
23327,NEDD4L
4734,NEDD4
55658,RNF126
56852,RAD18
6596,HLTF
7321,UBE2D1
55743,CHFR
23609,MKRN2
29089,UBE2T
7319,UBE2A
3093,UBE2K
83737,ITCH
51619,UBE2D4
4850,CNOT4
11342,RNF13
57531,HACE1
10075,HUWE1
8315,BRAP
79594,MUL1
55072,RNF31
25831,HECTD1
51257,37316
997,CDC34
57820,CCNB1IP1
54941,RNF125
57534,MIB1
4281,MID1
389898,UBE2NL
23295,MGRN1
10273,STUB1
7329,UBE2I
9810,RNF40
8925,HERC1
55284,UBE2W
51366,UBR5
79872,CBLL1
4899,NRF1
54926,UBE2R2
9148,NEURL1
27338,UBE2S
26001,RNF167
64750,SMURF2
7323,UBE2D3
27339,PRPF19
9354,UBE4A
867,CBL
9025,RNF8
55819,RNF130
7337,UBE3A
868,CBLB
55120,FANCL
57448,BIRC6
127544,RNF19B
81847,RNF146
7320,UBE2B
22954,TRIM32
6045,RNF2
27246,RNF115
5930,RBBP6
11059,WWP1
79654,HECTD3
10054,UBA2
23352,UBR4
8924,HERC2
9040,UBE2M
10277,UBE4B
7317,UBA1
7322,UBE2D2
84231,TRAF7
85363,TRIM5
7326,UBE2G1
79589,RNF128
23608,MKRN1
51444,RNF138
4193,MDM2
64844,39142
255488,RNF144B
580,BARD1
57520,HECW2
8916,HERC3
91445,RNF185
92979,39873
92912,UBE2Q2
10055,SAE1
23624,CBLC
64326,RFWD2
130507,UBR3
57574,38047
9039,UBA3
55016,36951
10299,38777
154214,RNF217
257218,SHPRH
115426,UHRF2
90678,LRSAM1
26091,HERC4
89910,UBE3B
9781,RNF144A
9320,TRIP12
81559,TRIM11
57630,SH3RF1
56254,RNF20
153769,SH3RF2
9246,UBE2L6
84676,TRIM63
65264,UBE2Z
197131,UBR1
267,AMFR
118424,UBE2J2
55585,UBE2Q1
84447,SYVN1
151112,ZSWIM2
284996,RNF149
64320,RNF25
25898,RCHY1
63891,RNF123
285671,RNF180
143279,HECTD2
220972,39508
5896,RAG1
149603,RNF187
55159,RFWD3
10477,UBE2E3
7324,UBE2E1
11236,RNF139
344558,SH3RF3
162333,40238
115123,37681
11065,UBE2C
158506,ZNF645
63893,UBE2O
220441,RNF152
148581,UBE2U
7334,UBE2N
7681,MKRN3
223082,ZNRF2
221687,RNF182
64219,PJA1
6478,SIAH2
10193,RNF41
7318,UBA7
7325,UBE2E2
7267,TTC3
441061,40603
140739,UBE2F
7327,UBE2G2
5071,PARK2
7332,UBE2L3
84937,ZNRF1
7328,UBE2H
378884,NHLRC1
168433,RNF133
6477,SIAH1
51592,TRIM33
142678,MIB2
10210,TOPORS
54708,38412
11060,WWP2
57154,SMURF1
51465,UBE2J1
9666,DZIP3
9867,PJA2
6015,RING1
6048,RNF5
54492,NEURL1B
134111,UBE2QL1
7844,RNF103
2288,FKBP4
8468,FKBP6
51661,FKBP7
10450,PPIE
2280,FKBP1A
2289,FKBP5
23759,PPIL2
2287,FKBP3
5303,PIN4
23770,FKBP8
55033,FKBP14
10105,PPIF
23398,PPWD1
4820,NKTR
2281,FKBP1B
11328,FKBP9
5300,PIN1
85313,PPIL4
51303,FKBP11
51645,PPIL1
9360,PPIG
60681,FKBP10
10283,CWC27
5479,PPIB
5480,PPIC
5481,PPID
10465,PPIH
2286,FKBP2
285755,PPIL6
5478,PPIA
653598,PPIAL4C
730262,PPIAL4E
644591,PPIAL4G
53938,PPIL3
653505,PPIAL4A
4638,MYLK
85366,MYLK2
23363,OBSL1
91807,MYLK3
340156,MYLK4
7994,KAT6A
2033,EP300
84148,KAT8
2648,KAT2A
8850,KAT2B
9329,GTF3C4
8520,HAT1
203611,CDY2B
55140,ELP3
9575,CLOCK
11143,KAT7
23522,KAT6B
9085,CDY1
253175,CDY1B
10524,KAT5
9426,CDY2A
7051,TGM1
9333,TGM5
2162,F13A1
7053,TGM3
2165,F13B
116179,TGM7
7047,TGM4
343641,TGM6
7052,TGM2
2272,FHIT
4255,MGMT
5110,PCMT1
5447,POR
5550,PREP
131890,GRK7
6011,GRK1
7172,TPMT
150465,TTL
7862,BRPF1
254173,TTLL10
11284,PNKP
8732,RNGTT
8731,RNMT
23070,CMTR1
56339,METTL3
4836,NMT1
9397,NMT2
23576,DDAH1
23564,DDAH2
388714,FMO6P
54414,SIAE
54704,PDP1
57546,PDP2
5164,PDK2
5165,PDK3
5163,PDK1
79691,QTRTD1
81890,QTRT1
60487,TRMT11
55621,TRMT1
81627,TRMT1L
4234,METTL1
55687,TRMU
51651,PTRH2
3396,ICT1
138428,PTRH1
54802,TRIT1
80324,PUS1
57412,AS3MT
10,NAT2
9,NAT1
157,ADRBK2
156,ADRBK1
8993,PGLYRP1
114771,PGLYRP3
114770,PGLYRP2
57115,PGLYRP4
55768,NGLY1
55662,HIF1AN
444,ASPH
10295,BCKDK
54857,GDPD2
306,ANXA3
51573,GDE1
4835,NQO2
79001,VKORC1
11101,ATE1
5066,PAM
25797,QPCT
4482,MSRA
4015,LOX
10171,RCL1
8634,RTCA
79158,GNPTAB
51172,NAGPA
51611,DPH5
4552,MTRR
64146,PDF
11165,NUDT3
170685,NUDT10
11163,NUDT4
55190,NUDT11
313,AOAH
1208,CLPS
84254,CAMKK1
5577,PRKAR2B
9020,MAP3K14
4293,MAP3K9
51265,CDKL3
57787,MARK4
6792,CDKL5
57172,CAMK1G
728642,CDK11A
8491,MAP4K3
11183,MAP4K5
5583,PRKCH
7444,VRK2
23604,DAPK2
7204,TRIO
5601,MAPK9
5610,EIF2AK2
5218,CDK14
816,CAMK2B
55781,RIOK2
5128,CDK17
65125,WNK1
28996,HIPK2
5586,PKN2
9748,SLK
5588,PRKCQ
8621,CDK13
5590,PRKCZ
6093,ROCK1
375449,MAST4
5597,MAPK6
1459,CSNK2A2
815,CAMK2A
9448,MAP4K4
6196,RPS6KA2
140469,MYO3B
5566,PRKACA
27330,RPS6KA6
10290,SPEG
2011,MARK2
6793,STK10
9175,MAP3K13
9891,NUAK1
4140,MARK3
5063,PAK3
369,ARAF
8569,MKNK1
5891,MOK
9262,STK17B
9706,ULK2
4216,MAP3K4
23139,MAST2
27102,EIF2AK1
51701,NLK
6790,AURKA
8550,MAPKAPK5
11213,IRAK3
51776,MAP3K20
54822,TRPM7
4214,MAP3K1
53904,MYO3A
6732,SRPK1
8317,CDC7
23031,MAST3
2872,MKNK2
5594,MAPK1
8814,CDKL1
7443,VRK1
9252,RPS6KA5
10110,SGK2
6789,STK4
1457,CSNK2A1
57144,PAK7
8780,RIOK3
11040,PIM2
5127,CDK16
8428,STK24
5595,MAPK3
23678,SGK3
8767,RIPK2
3551,IKBKB
6788,STK3
11184,MAP4K1
1760,DMPK
51231,VRK3
6795,AURKC
208,AKT2
25865,PRKD2
22983,MAST1
1021,CDK6
51422,PRKAG2
3984,LIMK1
7046,TGFBR1
5599,MAPK8
657,BMPR1A
1326,MAP3K8
6198,RPS6KB1
5573,PRKAR1A
5602,MAPK10
10114,HIPK3
10645,CAMKK2
4117,MAK
1432,MAPK14
11329,STK38
22858,ICK
8899,PRPF4B
1452,CSNK1A1
5576,PRKAR2A
79858,NEK11
7867,MAPKAPK3
93,ACVR2B
6787,NEK4
90,ACVR1
8576,STK16
23178,PASK
10494,STK25
23683,PRKD3
22848,AAK1
4139,MARK1
10000,AKT3
5129,CDK18
4751,NEK2
6195,RPS6KA1
6794,STK11
6446,SGK1
140803,TRPM6
10783,NEK6
91754,NEK9
84930,MASTL
92,ACVR2A
11113,CIT
5585,PKN1
1017,CDK2
130399,ACVR1C
83732,RIOK1
2962,GTF2F1
140901,STK35
65266,WNK4
5582,PRKCG
9088,PKMYT1
440275,EIF2AK4
11035,RIPK3
5589,PRKCSH
65975,STK33
10298,PAK4
4294,MAP3K10
9113,LATS1
5565,PRKAB2
5894,RAF1
5562,PRKAA1
1024,CDK8
25778,DSTYK
9201,DCLK1
1455,CSNK1G2
1022,CDK7
3656,IRAK2
8536,CAMK1
9475,ROCK2
10595,ERN2
51765,STK26
51347,TAOK3
6733,SRPK2
6885,MAP3K7
269,AMHR2
1019,CDK4
91,ACVR1B
4752,NEK3
26750,RPS6KC1
1025,CDK9
9128,PRPF4
5292,PIM1
8737,RIPK1
4750,NEK1
56924,PAK6
65061,CDK15
5593,PRKG2
658,BMPR1B
55589,BMP2K
8999,CDKL2
94,ACVRL1
7786,MAP3K12
283629,TSSK4
25989,ULK3
5170,PDPK1
50488,MINK1
1453,CSNK1D
5596,MAPK4
30811,HUNK
207,AKT1
10733,PLK4
9064,MAP3K6
5567,PRKACB
9641,IKBKE
84451,MAP3K21
8476,CDC42BPA
817,CAMK2D
10769,PLK2
11011,TLK2
8573,CASK
6872,TAF1
85481,PSKH2
818,CAMK2G
5058,PAK1
472,ATM
1111,CHEK1
9344,TAOK2
26524,LATS2
1456,CSNK1G3
140609,NEK7
127933,UHMK1
814,CAMK4
55351,STK32B
5578,PRKCA
79705,LRRK1
23043,TNIK
23097,CDK19
7273,TTN
23552,CDK20
5603,MAPK13
701,BUB1B
23049,SMG1
673,BRAF
65018,PINK1
5681,PSKH1
8997,KALRN
29941,PKN3
84446,BRSK1
57551,TAOK1
23387,SIK3
284086,NEK8
8986,RPS6KA4
5563,PRKAA2
81629,TSSK3
9261,MAPKAPK2
204851,HIPK1
27148,STK36
7048,TGFBR2
81788,NUAK2
5584,PRKCI
54861,SNRK
5580,PRKCD
9263,STK17A
1020,CDK5
10922,FASTK
5568,PRKACG
65268,WNK2
9833,MELK
282974,STK32C
3611,ILK
7465,WEE1
5598,MAPK7
5579,PRKCB
5347,PLK1
51755,CDK12
1613,DAPK3
54986,ULK4
5871,MAP4K2
197259,MLKL
53944,CSNK1G1
202374,STK32A
699,BUB1
10746,MAP3K2
23235,SIK2
983,CDK1
166614,DCLK2
5581,PRKCE
55561,CDC42BPG
9451,EIF2AK3
112858,TP53RK
4342,MOS
9943,OXSR1
4296,MAP3K11
1263,PLK3
9024,BRSK2
545,ATR
6199,RPS6KB2
8408,ULK1
6197,RPS6KA3
83983,TSSK6
2081,ERN1
2580,GAK
9212,AURKB
122011,CSNK1A1L
5062,PAK2
389840,MAP3K15
225689,MAPK15
9625,AATK
3985,LIMK2
57118,CAMK1D
54101,RIPK4
29110,TBK1
11200,CHEK2
5613,PRKX
3654,IRAK1
5587,PRKD1
8558,CDK10
5600,MAPK11
5592,PRKG1
613,BCR
6300,MAPK12
5575,PRKAR1B
388228,SBK1
120892,LRRK2
56164,STK31
30849,PIK3R4
65267,WNK3
1612,DAPK1
341676,NEK5
4217,MAP3K5
51135,IRAK4
415116,PIM3
9874,TLK1
27347,STK39
9578,CDC42BPB
4215,MAP3K3
659,BMPR2
8859,STK19
1460,CSNK2B
344387,CDKL4
23617,TSSK2
23012,STK38L
83942,TSSK1B
1147,CHUK
1454,CSNK1E
494551,WEE2
984,CDK11B
1018,TEN1-CDK3
5591,PRKDC
5536,PPP5C
23035,PHLPP2
9150,CTDP1
5523,PPP2R3A
5522,PPP2R2C
23239,PHLPP1
5475,PPEF1
9647,PPM1F
5494,PPM1A
5516,PPP2CB
5518,PPP2R1A
5532,PPP3CB
5515,PPP2CA
5496,PPM1G
5537,PPP6C
5507,PPP1R3C
5533,PPP3CC
79871,RPAP2
84152,PPP1R1B
80895,ILKAP
5502,PPP1R1A
5519,PPP2R1B
5495,PPM1B
5530,PPP3CA
58190,CTDSP1
10217,CTDSPL
5531,PPP4C
5506,PPP1R3A
5470,PPEF2
5521,PPP2R2B
29101,SSU72
152926,PPM1K
132160,PPM1M
134510,UBLCP1
28227,PPP2R3B
8493,PPM1D
5499,PPP1CA
22843,PPM1E
10106,CTDSP2
5504,PPP1R2
5501,PPP1CC
5535,PPP3R2
5500,PPP1CB
5534,PPP3R1
5520,PPP2R2A
192111,PGAM5
5616,PRKY
360132,FKBP9P1
80024,SLC8B1
55244,SLC47A1
146802,SLC47A2
5002,SLC22A18
254428,SLC41A1
84102,SLC41A2
1317,SLC31A1
345274,SLC10A6
116085,SLC22A12
79660,PPP1R3B
23729,SHPK
123688,HYKK
51171,HSD17B14
10202,DHRS2
10553,HTATIP2
84869,CBR4
1487,CTBP1
56898,BDH2
374875,HSD11B1L
121214,SDR9C7
100288072,SDR42E2
93517,SDR42E1
51741,WWOX
340811,AKR1C8P
441282,AKR1B15
10954,PDIA5
10130,PDIA6
9601,PDIA4
54495,TMX3
2923,PDIA3
85007,PHYKPL
10226,PLIN3
161247,FITM1
729359,PLIN4
26580,BSCL2
128486,FITM2
649,BMP1
200931,SLC51A
123264,SLC51B
,PON3
